journalId,field,score
56047584.0,17744445,2.440751761
2764869792.0,17744445,3.642621621
